prompt,cluster,sub_class
How can I integrate a chatbot into my e-commerce website to improve customer service?,Communication,Chatbots and Virtual Assistants
What are the best practices for designing a virtual assistant for a mobile app?,Communication,Chatbots and Virtual Assistants
"Can chatbots handle complex customer queries, or are they limited to simple FAQs?",Communication,Chatbots and Virtual Assistants
What technologies are commonly used to develop intelligent virtual assistants?,Communication,Chatbots and Virtual Assistants
How do I train a chatbot to understand different languages and dialects?,Communication,Chatbots and Virtual Assistants
What are the ethical considerations when using chatbots for customer interactions?,Communication,Chatbots and Virtual Assistants
How can I measure the effectiveness of a virtual assistant in my business?,Communication,Chatbots and Virtual Assistants
What are some common mistakes to avoid when implementing a chatbot?,Communication,Chatbots and Virtual Assistants
How can chatbots be used to enhance user engagement on social media platforms?,Communication,Chatbots and Virtual Assistants
What role do chatbots play in the future of customer service?,Communication,Chatbots and Virtual Assistants
Can virtual assistants be programmed to perform tasks beyond answering questions?,Communication,Chatbots and Virtual Assistants
How do I ensure that my chatbot provides a personalized experience for users?,Communication,Chatbots and Virtual Assistants
What are the differences between rule-based chatbots and AI-driven chatbots?,Communication,Chatbots and Virtual Assistants
How can I use chatbots to gather customer feedback effectively?,Communication,Chatbots and Virtual Assistants
What are the key features to look for when choosing a chatbot platform?,Communication,Chatbots and Virtual Assistants
How do I improve my active listening skills during conversations?,Communication,Conversation
What are some effective ways to start a difficult conversation with a friend?,Communication,Conversation
Can you give me tips on how to maintain a conversation when the other person is quiet?,Communication,Conversation
What strategies can I use to navigate misunderstandings in conversations?,Communication,Conversation
How can I express my opinions without coming off as confrontational?,Communication,Conversation
What are some conversation starters for networking events?,Communication,Conversation
How do cultural differences affect conversation styles?,Communication,Conversation
What role does body language play in effective conversations?,Communication,Conversation
How can I encourage someone to open up during a conversation?,Communication,Conversation
What are some common barriers to effective conversation and how can I overcome them?,Communication,Conversation
How can I handle interruptions gracefully during a conversation?,Communication,Conversation
What techniques can I use to ensure clarity in my conversations?,Communication,Conversation
How do I approach a conversation about sensitive topics with a colleague?,Communication,Conversation
What are some ways to end a conversation politely?,Communication,Conversation
How can I improve my small talk skills for social gatherings?,Communication,Conversation
How can I communicate my feelings to a friend who seems to be struggling with their mental health?,Communication,Mental Health
What are some effective ways to express my anxiety to my therapist during our sessions?,Communication,Mental Health
"I want to talk to my family about my depression, but I'm afraid they won't understand. How should I approach this?",Communication,Mental Health
What strategies can I use to communicate my mental health needs to my employer?,Communication,Mental Health
How can I encourage someone to open up about their mental health without making them feel pressured?,Communication,Mental Health
What are some phrases I can use to reassure a friend who is experiencing a panic attack?,Communication,Mental Health
How do I effectively communicate my boundaries to friends who may not understand my mental health struggles?,Communication,Mental Health
What are the best ways to discuss mental health topics in a group setting without making anyone uncomfortable?,Communication,Mental Health
How can I articulate my feelings about burnout to my colleagues without sounding unprofessional?,Communication,Mental Health
What should I say to someone who has just experienced a mental health crisis to show my support?,Communication,Mental Health
How can I talk to my partner about my mental health issues without making them feel burdened?,Communication,Mental Health
What are some ways to communicate the importance of mental health awareness in my community?,Communication,Mental Health
How do I start a conversation about mental health with someone who seems to avoid the topic?,Communication,Mental Health
How do I help my friend who is suffering from a post-break up depression?,Communication,Mental Health
What language should I use when discussing mental health with children to ensure they understand?,Communication,Mental Health
How can I create a lo-fi hip-hop beat using GarageBand?,Music and Audio,Music Creation
What are some effective techniques for layering vocals in a pop song?,Music and Audio,Music Creation
Can you suggest a workflow for composing a film score using MIDI?,Music and Audio,Music Creation
What software instruments are best for creating electronic dance music?,Music and Audio,Music Creation
How do I incorporate live instruments into a digital music production?,Music and Audio,Music Creation
What are some tips for writing catchy melodies for a new song?,Music and Audio,Music Creation
How can I use samples effectively in my music tracks?,Music and Audio,Music Creation
What are the best practices for mixing a rock song?,Music and Audio,Music Creation
Can you explain how to create a 4-bar loop in Ableton Live?,Music and Audio,Music Creation
What are some common mistakes to avoid when producing music?,Music and Audio,Music Creation
How do I choose the right key for my song?,Music and Audio,Music Creation
What techniques can I use to create tension and release in my music?,Music and Audio,Music Creation
How can I effectively collaborate with other musicians online?,Music and Audio,Music Creation
What are some ideas for creating ambient soundscapes?,Music and Audio,Music Creation
How do I set up a home studio for music production?,Music and Audio,Music Creation
Can you generate a speech that explains the impact of music on human emotions?,Music and Audio,Speech Generation
I need a persuasive speech about the importance of music education in schools.,Music and Audio,Speech Generation
Create a motivational speech that incorporates famous song lyrics.,Music and Audio,Speech Generation
Can you write a speech that compares classical music to modern pop music?,Music and Audio,Speech Generation
Generate a speech for a wedding that includes a personal story about the couple's favorite song.,Music and Audio,Speech Generation
I need a speech that discusses the role of music in cultural identity.,Music and Audio,Speech Generation
Can you create a speech that highlights the evolution of music technology over the decades?,Music and Audio,Speech Generation
Write a speech that advocates for mental health awareness through the lens of music therapy.,Music and Audio,Speech Generation
Generate a speech that introduces a new music festival and its significance to the community.,Music and Audio,Speech Generation
I need a speech that discusses how music can foster social change.,Music and Audio,Speech Generation
Can you write a speech for a music award ceremony that honors a legendary artist?,Music and Audio,Speech Generation
Create a speech that reflects on the influence of music during historical movements.,Music and Audio,Speech Generation
I want a speech that explores the relationship between music and technology in the modern age.,Music and Audio,Speech Generation
Generate a speech that discusses the therapeutic benefits of music for children with autism.,Music and Audio,Speech Generation
Can you write a speech that celebrates the diversity of music genres around the world?,Music and Audio,Speech Generation
What are the essential steps to start a podcast about indie music?,Music and Audio,Podcast Content Creation
How can I effectively edit audio for my podcast to ensure high quality?,Music and Audio,Podcast Content Creation
What equipment do I need to create a professional-sounding podcast?,Music and Audio,Podcast Content Creation
Can you suggest some engaging topics for a podcast focused on history?,Music and Audio,Podcast Content Creation
What are some effective marketing strategies for promoting my podcast?,Music and Audio,Podcast Content Creation
How do I find and book guests for my podcast about the latest trends in fashion?,Music and Audio,Podcast Content Creation
What are the best practices for writing show notes for my podcast episodes?,Music and Audio,Podcast Content Creation
How can I monetize my podcast while maintaining authenticity?,Music and Audio,Podcast Content Creation
What platforms are best for hosting my podcast?,Music and Audio,Podcast Content Creation
How can I create a unique brand identity for my podcast?,Music and Audio,Podcast Content Creation
What are some common mistakes to avoid when starting a podcast?,Music and Audio,Podcast Content Creation
How do I structure an interview episode for my tech podcast?,Music and Audio,Podcast Content Creation
What are the legal considerations I need to keep in mind for podcasts?,Music and Audio,Podcast Content Creation
How can I use social media to enhance my podcast's reach?,Music and Audio,Podcast Content Creation
What are some tips for maintaining consistency in podcast publishing?,Music and Audio,Podcast Content Creation
"Can you help me debug this Python code? I'm getting an IndexError, and I'm not sure why.",Programming and Development,Coding and Programming Assistance
I'm trying to implement a binary search algorithm in Java. Can you provide a sample code?,Programming and Development,Coding and Programming Assistance
What are the best practices for organizing my JavaScript project structure?,Programming and Development,Coding and Programming Assistance
How do I handle exceptions in C#? Can you show me an example?,Programming and Development,Coding and Programming Assistance
I'm learning React and need help with state management. What are some common patterns?,Programming and Development,Coding and Programming Assistance
Can you explain the difference between synchronous and asynchronous programming in JavaScript?,Programming and Development,Coding and Programming Assistance
How can I optimize the performance of my SQL queries?,Programming and Development,Coding and Programming Assistance
What are some common pitfalls when working with APIs in Python?,Programming and Development,Coding and Programming Assistance
I need to create a RESTful API using Node.js. Can you guide me through the process?,Programming and Development,Coding and Programming Assistance
Can you provide tips for writing clean and maintainable code in PHP?,Programming and Development,Coding and Programming Assistance
I'm having trouble with Git. How do I resolve merge conflicts?,Programming and Development,Coding and Programming Assistance
What are some effective ways to test my Java code?,Programming and Development,Coding and Programming Assistance
Can you explain how to use Docker for my development environment?,Programming and Development,Coding and Programming Assistance
I'm new to mobile development. Should I learn Flutter or React Native?,Programming and Development,Coding and Programming Assistance
How do I implement user authentication in a web application?,Programming and Development,Coding and Programming Assistance
How do I authenticate my API requests using OAuth 2.0?,Programming and Development,API Integration
Can you explain the difference between REST and SOAP APIs?,Programming and Development,API Integration
What are the best practices for handling API rate limits?,Programming and Development,API Integration
How can I integrate a third-party payment gateway API into my application?,Programming and Development,API Integration
What tools can I use to test my API endpoints effectively?,Programming and Development,API Integration
How do I implement error handling for API responses in my application?,Programming and Development,API Integration
Can you provide an example of making a GET request to a public API using Python?,Programming and Development,API Integration
What steps are involved in creating a RESTful API from scratch?,Programming and Development,API Integration
How can I securely store API keys in my application?,Programming and Development,API Integration
"What is the role of API documentation, and how can I create effective documentation?",Programming and Development,API Integration
How do I handle CORS issues when integrating with an external API?,Programming and Development,API Integration
What libraries are available for API integration in JavaScript?,Programming and Development,API Integration
Can you explain how to use webhooks for real-time API integration?,Programming and Development,API Integration
What are some common pitfalls to avoid when integrating APIs?,Programming and Development,API Integration
How can I monitor the performance of my API integrations?,Programming and Development,API Integration
What are the best tools for creating engaging business presentations?,Business and Productivity,Presentation Creation
How can I structure my presentation to effectively communicate my business ideas?,Business and Productivity,Presentation Creation
What tips can help me design visually appealing slides for my presentation?,Business and Productivity,Presentation Creation
Can you suggest ways to make my presentation more interactive for the audience?,Business and Productivity,Presentation Creation
What are common mistakes to avoid when creating a business presentation?,Business and Productivity,Presentation Creation
How can I effectively use data and statistics in my business presentation?,Business and Productivity,Presentation Creation
What is the ideal length for a business presentation to keep the audience engaged?,Business and Productivity,Presentation Creation
How do I tailor my presentation for different audiences in a business setting?,Business and Productivity,Presentation Creation
What are some effective storytelling techniques to use in business presentations?,Business and Productivity,Presentation Creation
Can you provide a checklist for preparing a successful business presentation?,Business and Productivity,Presentation Creation
What should I include in the introduction of my business presentation?,Business and Productivity,Presentation Creation
How can I practice my presentation skills to improve delivery?,Business and Productivity,Presentation Creation
What are the best practices for using visuals in business presentations?,Business and Productivity,Presentation Creation
How can I effectively conclude my business presentation to leave a lasting impression?,Business and Productivity,Presentation Creation
What role does body language play in delivering a successful business presentation?,Business and Productivity,Presentation Creation
Draft an email to my team announcing the new project deadline and outlining the next steps.,Business and Productivity,Email Generation
Create a follow-up email for a client who hasn't responded to my last message about the proposal.,Business and Productivity,Email Generation
Write an email to HR requesting clarification on the new remote work policy.,Business and Productivity,Email Generation
Compose an email to a potential partner introducing our services and suggesting a meeting.,Business and Productivity,Email Generation
Generate an email to thank a colleague for their help on the recent project.,Business and Productivity,Email Generation
Draft a reminder email for the upcoming team meeting with the agenda attached.,Business and Productivity,Email Generation
Write an email to a vendor requesting an update on our order status.,Business and Productivity,Email Generation
Create an email to announce a company-wide training session next month.,Business and Productivity,Email Generation
Compose an email to share the quarterly performance report with stakeholders.,Business and Productivity,Email Generation
Draft an email to solicit feedback from clients after a recent service interaction.,Business and Productivity,Email Generation
Write an email to confirm a meeting time with a new client.,Business and Productivity,Email Generation
Generate an email to announce the launch of our new product line to existing customers.,Business and Productivity,Email Generation
Compose an email to request a budget increase for the upcoming project.,Business and Productivity,Email Generation
Draft an email to remind employees about the upcoming performance review deadlines.,Business and Productivity,Email Generation
Write an email to clarify the roles and responsibilities for the new project team.,Business and Productivity,Email Generation
